[
  {
    "id": "1",
    "title": "The Matrix",
    "director": "Lana Wachowski, Lilly Wachowski",
    "year": 1999,
    "genre": ["Sci-Fi", "Action"],
    "rating": "R",
    "description": "A hacker discovers the reality is a simulation and joins a rebellion.",
    "posterUrl": "https://upload.wikimedia.org/wikipedia/en/thumb/d/db/The_Matrix.png/250px-The_Matrix.png",
    "trailerUrl": "https://www.youtube.com/embed/vKQi3bBA1y8",
    "showtimes": ["2:00 PM", "5:00 PM", "8:00 PM"]
  },
  {
    "id": "2",
    "title": "Inception",
    "director": "Christopher Nolan",
    "year": 2010,
    "genre": ["Action", "Sci-Fi", "Thriller"],
    "rating": "PG-13",
    "description": "A thief steals information by entering dreams, leading to mind-bending adventures.",
    "posterUrl": "https://upload.wikimedia.org/wikipedia/en/2/2e/Inception_%282010%29_theatrical_poster.jpg",
    "trailerUrl": "https://www.youtube.com/embed/YoHD9XEInc0",
    "showtimes": ["1:00 PM", "4:30 PM", "7:30 PM"]
  },
  {
    "id": "3",
    "title": "Interstellar",
    "director": "Christopher Nolan",
    "year": 2014,
    "genre": ["Sci-Fi", "Drama", "Adventure"],
    "rating": "PG-13",
    "description": "Astronauts travel through a wormhole to find a new home for humanity.",
    "posterUrl": "https://upload.wikimedia.org/wikipedia/en/b/bc/Interstellar_film_poster.jpg",
    "trailerUrl": "https://www.youtube.com/embed/zSWdZVtXT7E",
    "showtimes": ["12:00 PM", "3:30 PM", "7:00 PM"]
  },
  {
    "id": "4",
    "title": "The Dark Knight",
    "director": "Christopher Nolan",
    "year": 2008,
    "genre": ["Action", "Crime", "Drama"],
    "rating": "PG-13",
    "description": "Batman faces the Joker, a criminal mastermind causing chaos in Gotham City.",
    "posterUrl": "https://upload.wikimedia.org/wikipedia/en/1/1c/The_Dark_Knight_%282008_film%29.jpg",
    "trailerUrl": "https://www.youtube.com/embed/EXeTwQWrcwY",
    "showtimes": ["1:30 PM", "4:00 PM", "7:30 PM"]
  },
  {
    "id": "5",
    "title": "Titanic",
    "director": "James Cameron",
    "year": 1997,
    "genre": ["Romance", "Drama"],
    "rating": "PG-13",
    "description": "A love story unfolds aboard the doomed RMS Titanic.",
    "posterUrl": "https://upload.wikimedia.org/wikipedia/en/thumb/1/18/Titanic_%281997_film%29_poster.png/250px-Titanic_%281997_film%29_poster.png",
    "trailerUrl": "https://www.youtube.com/embed/kVrqfYjkTdQ",
    "showtimes": ["12:30 PM", "3:00 PM", "6:30 PM"]
  },
  {
    "id": "6",
    "title": "Forrest Gump",
    "director": "Robert Zemeckis",
    "year": 1994,
    "genre": ["Drama", "Romance"],
    "rating": "PG-13",
    "description": "The extraordinary life journey of Forrest Gump, a man with a kind heart.",
    "posterUrl": "https://upload.wikimedia.org/wikipedia/en/6/67/Forrest_Gump_poster.jpg",
    "trailerUrl": "https://www.youtube.com/embed/bLvqoHBptjg",
    "showtimes": ["2:00 PM", "5:00 PM", "8:00 PM"]
  },
  {
    "id": "7",
    "title": "The Godfather",
    "director": "Francis Ford Coppola",
    "year": 1972,
    "genre": ["Crime", "Drama"],
    "rating": "R",
    "description": "The aging patriarch of an organized crime dynasty transfers control to his son.",
    "posterUrl": "https://upload.wikimedia.org/wikipedia/en/1/1c/Godfather_ver1.jpg",
    "trailerUrl": "https://www.youtube.com/embed/sY1S34973zA",
    "showtimes": ["1:00 PM", "4:00 PM", "7:00 PM"]
  },
  {
    "id": "8",
    "title": "Jurassic Park",
    "director": "Steven Spielberg",
    "year": 1993,
    "genre": ["Sci-Fi", "Adventure"],
    "rating": "PG-13",
    "description": "Scientists clone dinosaurs for a theme park, leading to chaos.",
    "posterUrl": "https://upload.wikimedia.org/wikipedia/en/e/e7/Jurassic_Park_poster.jpg",
    "trailerUrl": "https://www.youtube.com/embed/lc0UehYemQA",
    "showtimes": ["12:00 PM", "3:00 PM", "6:00 PM"]
  },
  {
    "id": "9",
    "title": "The Lion King",
    "director": "Roger Allers, Rob Minkoff",
    "year": 1994,
    "genre": ["Animation", "Adventure", "Drama"],
    "rating": "G",
    "description": "A lion cub prince flees his kingdom after his father's death, then returns to reclaim it.",
    "posterUrl": "https://upload.wikimedia.org/wikipedia/en/3/3d/The_Lion_King_poster.jpg",
    "trailerUrl": "https://www.youtube.com/embed/4sj1MT05lAA",
    "showtimes": ["11:30 AM", "2:30 PM", "5:30 PM"]
  },
  {
    "id": "10",
    "title": "Gladiator",
    "director": "Ridley Scott",
    "year": 2000,
    "genre": ["Action", "Drama"],
    "rating": "R",
    "description": "A Roman general seeks revenge after being betrayed and forced into slavery.",
    "posterUrl": "https://upload.wikimedia.org/wikipedia/en/thumb/f/fb/Gladiator_%282000_film_poster%29.png/250px-Gladiator_%282000_film_poster%29.png",
    "trailerUrl": "https://www.youtube.com/embed/owK1qxDselE",
    "showtimes": ["12:30 PM", "3:30 PM", "7:00 PM"]
  },
  {
    "id": "11",
    "title": "Finding Nemo",
    "director": "Andrew Stanton",
    "year": 2003,
    "genre": ["Animation", "Adventure", "Comedy"],
    "rating": "G",
    "description": "A clownfish searches for his lost son across the ocean.",
    "posterUrl": "https://upload.wikimedia.org/wikipedia/en/2/29/Finding_Nemo.jpg",
    "trailerUrl": "https://www.youtube.com/embed/wZdpNglLbt8",
    "showtimes": ["11:00 AM", "2:00 PM", "5:00 PM"]
  },
  {
    "id": "12",
    "title": "Avatar",
    "director": "James Cameron",
    "year": 2009,
    "genre": ["Sci-Fi", "Adventure", "Action"],
    "rating": "PG-13",
    "description": "A paraplegic marine explores the world of Pandora and fights to protect it.",
    "posterUrl": "https://upload.wikimedia.org/wikipedia/en/d/d6/Avatar_%282009_film%29_poster.jpg",
    "trailerUrl": "https://www.youtube.com/embed/5PSNL1qE6VY",
    "showtimes": ["1:00 PM", "4:00 PM", "7:30 PM"]
  },
  {
    "id": "13",
    "title": "Toy Story",
    "director": "John Lasseter",
    "year": 1995,
    "genre": ["Animation", "Comedy", "Adventure"],
    "rating": "G",
    "description": "Toys come to life when humans aren't watching, leading to adventures.",
    "posterUrl": "https://upload.wikimedia.org/wikipedia/en/1/13/Toy_Story.jpg",
    "trailerUrl": "https://www.youtube.com/embed/KYz2wyBy3kc",
    "showtimes": ["11:00 AM", "1:30 PM", "4:00 PM"]
  },
  {
    "id": "14",
    "title": "Pirates of the Caribbean",
    "director": "Gore Verbinski",
    "year": 2003,
    "genre": ["Action", "Adventure", "Fantasy"],
    "rating": "PG-13",
    "description": "Captain Jack Sparrow navigates adventures on the high seas.",
    "posterUrl": "https://upload.wikimedia.org/wikipedia/en/8/89/Pirates_of_the_Caribbean_-_The_Curse_of_the_Black_Pearl.png",
    "trailerUrl": "https://www.youtube.com/embed/naQr0uTrH_s",
    "showtimes": ["12:30 PM", "3:30 PM", "7:00 PM"]
  },
  {
    "id": "15",
    "title": "The Avengers",
    "director": "Joss Whedon",
    "year": 2012,
    "genre": ["Action", "Adventure", "Sci-Fi"],
    "rating": "PG-13",
    "description": "Earth's mightiest heroes team up to stop an alien invasion.",
    "posterUrl": "https://upload.wikimedia.org/wikipedia/en/8/8a/The_Avengers_%282012_film%29_poster.jpg",
    "trailerUrl": "https://www.youtube.com/embed/eOrNdBpGMv8",
    "showtimes": ["1:00 PM", "4:00 PM", "7:00 PM"]
  }
]
